{"mae/epoch_minutes":1.6471404711405435,"epoch":400,"_timestamp":1.777107697145192e+09,"_wandb":{"runtime":39433},"_runtime":39433.45699884,"_step":400,"mae/train_loss":0.2972855563692823,"mae/lr":7.248553303418337e-11}