{"lr":1.2631116863420225e-11,"train/loss":0.698576574217063,"val/acc":0.4778308700966774,"val/loss":2.5802117153358055,"_step":50,"_timestamp":1.7771161468448076e+09,"val/best_acc":0.4784976108456495,"_wandb":{"runtime":8419},"train/acc":0.998610879591043,"_runtime":8419,"epoch":50}